timestamp,version,msgtype,seq,timestamp_ms,mode,batt_mv,temp_c,press_pa,alt_cm,gyro_x,gyro_y,gyro_z,acc_x,acc_y,acc_z,light,comp_len,raw_len
1756405782,1,1,0,4059125236,OP,4199,25.29,101328,4294967264,6,1,-2,3,72,1012,529,0,40
1756405782,1,1,1,4059125737,OP,4199,25.31,101328,4294967269,-19,25,-28,9,-44,989,592,0,40
1756405783,1,1,2,4059126239,OP,4199,25.23,101330,4294967247,-15,-17,-3,-53,25,984,592,0,40
1756405783,1,1,3,4059126739,OP,4199,24.98,101329,4294967261,30,-1,1,24,25,1045,560,0,40
1756405784,1,1,4,4059127239,OP,4199,25.25,101330,4294967254,2,-32,18,72,-25,1077,590,0,40
1756405784,1,1,5,4059127740,OP,4199,25.04,101330,4294967251,-2,-22,17,28,-26,973,615,0,40
1756405785,1,1,6,4059128240,OP,4199,25.26,101328,4294967269,16,-10,6,-51,-6,1001,715,0,40
1756405785,1,1,7,4059128743,OP,4199,25.31,101330,4294967248,9,11,-8,1,-53,975,615,0,40
1756405786,1,1,8,4059129243,OP,4199,25.22,101331,4294967245,-10,-8,-27,5,-36,1069,647,0,40
1756405786,1,1,9,4059129744,OP,4199,25.21,101329,4294967258,7,26,-2,-29,26,922,723,0,40
1756405787,1,1,10,4059130244,OP,4199,25.19,101330,4294967252,13,-35,-11,-80,-3,1026,685,0,40
1756405787,1,1,11,4059130745,OP,4199,25.69,101329,4294967262,-17,14,33,10,-20,1056,684,0,40
1756405788,1,1,12,4059131245,OP,4199,25.16,101329,4294967262,3,3,-8,-4,-41,1006,798,0,40
1756405788,1,1,13,4059131745,OP,4199,25.47,101330,4294967251,13,-32,35,-99,18,1007,776,0,40
1756405789,1,1,14,4059132246,OP,4199,25.3,101328,4294967266,-7,29,3,8,-43,1007,764,0,40
1756405789,1,1,15,4059132746,OP,4199,25.23,101329,4294967261,6,-14,6,-48,-66,930,785,0,40
1756405790,1,1,16,4059133246,OP,4199,25.49,101329,4294967255,45,12,4,-16,-29,886,808,0,40
1756405790,1,1,17,4059133747,OP,4199,25.3,101329,4294967263,11,-1,1,-26,-92,1090,843,0,40
1756405791,1,1,18,4059134247,OP,4199,25.46,101328,4294967268,-10,6,42,21,6,1002,878,0,40
1756405791,1,1,19,4059134748,OP,4199,25.45,101329,4294967256,-27,5,-35,-39,73,974,869,0,40
1756405792,1,1,20,4059135249,OP,4199,25.84,101327,4294967272,-10,21,40,69,-116,844,838,0,40
1756405792,1,1,21,4059135750,OP,4199,25.54,101330,4294967247,-8,32,5,22,44,985,936,0,40
1756405793,1,1,22,4059136250,OP,4199,25.63,101329,4294967263,-13,-3,1,19,3,1039,933,0,40
1756405793,1,1,23,4059136750,OP,4199,25.49,101327,4294967273,24,9,34,7,14,1088,825,0,40
1756405794,1,1,24,4059137252,OP,4199,25.73,101329,4294967262,6,15,10,23,20,1050,880,0,40
1756405794,1,1,25,4059137754,OP,4199,25.8,101329,4294967257,19,11,-44,8,-2,1011,936,0,40
1756405795,1,1,26,4059138254,OP,4199,25.79,101329,4294967261,5,2,-18,-65,22,1066,871,0,40
1756405795,1,1,27,4059138755,OP,4199,25.48,101329,4294967256,-26,-1,-16,34,-11,1057,935,0,40
1756405796,1,1,28,4059139255,OP,4199,25.32,101328,4294967265,62,-17,-21,85,-6,959,892,0,40
1756405796,1,1,29,4059139755,OP,4199,25.85,101329,4294967259,-5,-39,-6,-70,-29,1062,930,0,40
1756405797,1,1,30,4059140256,OP,4199,26.0,101330,4294967247,-4,6,4,-24,48,969,898,0,40
1756405797,1,1,31,4059140756,OP,4199,25.68,101328,4294967271,-18,-33,3,78,38,996,885,0,40
1756405798,1,1,32,4059141257,OP,4199,25.71,101329,4294967263,6,-15,33,-61,-42,1060,891,0,40
1756405798,1,1,33,4059141759,OP,4199,25.55,101330,4294967254,-29,-8,0,-12,60,1081,894,0,40
1756405799,1,1,34,4059142259,OP,4199,25.45,101329,4294967259,14,12,5,-18,36,1037,870,0,40
1756405799,1,1,35,4059142760,OP,4199,25.5,101328,4294967268,-23,40,16,45,-6,900,904,0,40
1756405800,1,1,36,4059143261,OP,4199,26.12,101329,4294967262,-5,5,-1,-43,29,1033,887,0,40
1756405800,1,1,37,4059143761,OP,4199,26.25,101329,4294967262,27,11,0,27,-24,1067,856,0,40
1756405801,1,1,38,4059144262,OP,4199,25.7,101329,4294967259,11,-18,8,-14,-79,1070,820,0,40
1756405801,1,1,39,4059144762,OP,4199,26.15,101327,4294967272,0,18,-3,-13,-20,1023,882,0,40
1756405802,1,1,40,4059145263,OP,4198,26.27,101330,4294967252,19,-3,-16,-68,-30,953,850,0,40
1756405802,1,1,41,4059145764,OP,4198,25.84,101329,4294967256,-15,-16,36,-32,-82,1010,892,0,40
1756405803,1,1,42,4059146264,OP,4198,25.78,101328,4294967269,-25,-28,9,56,70,967,867,0,40
1756405803,1,1,43,4059146765,OP,4198,26.31,101327,4294967275,-20,-21,3,-30,9,1088,823,0,40
1756405804,1,1,44,4059147265,OP,4198,26.08,101330,4294967249,17,13,-9,-47,-16,932,808,0,40
1756405804,1,1,45,4059147766,OP,4198,25.71,101329,4294967260,5,-31,-1,-13,138,816,794,0,40
1756405805,1,1,46,4059148266,OP,4198,26.09,101330,4294967253,-42,39,10,24,-48,961,808,0,40
1756405805,1,1,47,4059148767,OP,4198,25.93,101328,4294967264,-16,-30,9,-24,-30,968,762,0,40
1756405806,1,1,48,4059149267,OP,4198,26.15,101329,4294967256,37,-64,10,-69,11,949,696,0,40
1756405806,1,1,49,4059149767,OP,4198,26.1,101328,4294967268,-1,-2,-13,12,27,1031,806,0,40
1756405807,1,1,50,4059150268,OP,4198,26.03,101328,4294967269,-13,0,-7,-41,-78,996,712,0,40
1756405807,1,1,51,4059150768,OP,4198,26.29,101330,4294967255,-1,6,-17,117,-19,1034,745,0,40
1756405808,1,1,52,4059151268,OP,4198,26.28,101329,4294967257,11,3,24,52,26,925,781,0,40
1756405808,1,1,53,4059151769,OP,4198,26.02,101329,4294967257,-2,25,27,-104,-37,967,671,0,40
1756405809,1,1,54,4059152269,OP,4198,26.13,101328,4294967271,23,-13,15,32,-28,1008,677,0,40
1756405809,1,1,55,4059152769,OP,4198,26.24,101330,4294967249,-9,8,1,113,-37,1004,614,0,40
1756405810,1,1,56,4059153269,OP,4198,25.97,101327,4294967274,-26,0,31,-53,-29,1055,670,0,40
1756405810,1,1,57,4059153770,OP,4198,26.13,101328,4294967266,19,-10,26,-20,29,947,640,0,40
1756405811,1,1,58,4059154271,OP,4198,26.25,101327,4294967274,-34,8,-14,11,-46,973,599,0,40
1756405811,1,1,59,4059154771,OP,4198,26.16,101329,4294967257,6,0,-27,-42,-2,1013,619,0,40
1756405812,1,1,60,4059155272,OP,4198,26.0,101328,4294967266,-41,-3,12,-32,-28,1011,558,0,40
1756405812,1,1,61,4059155772,OP,4198,26.44,101328,4294967266,-9,11,4,-73,23,1013,574,0,40
1756405813,1,1,62,4059156272,OP,4198,26.39,101329,4294967259,16,-3,11,-71,-23,904,481,0,40
1756405813,1,1,63,4059156773,OP,4198,26.39,101328,4294967263,-13,15,-1,-38,-6,926,526,0,40
1756405814,1,1,64,4059157273,OP,4198,26.08,101329,4294967256,-22,3,-33,36,6,970,459,0,40
1756405814,1,1,65,4059157773,OP,4198,26.48,101327,4294967272,14,28,-5,-9,115,1003,499,0,40
1756405815,1,1,66,4059158274,OP,4198,26.41,101328,4294967265,-23,12,-17,34,-32,1017,414,0,40
1756405815,1,1,67,4059158774,OP,4198,26.38,101329,4294967257,10,-46,-12,96,54,974,471,0,40
1756405816,1,1,68,4059159274,OP,4198,25.95,101328,4294967264,25,-7,9,6,35,1041,488,0,40
1756405816,1,1,69,4059159775,OP,4198,26.29,101328,4294967264,17,31,-39,53,43,970,372,0,40
1756405817,1,1,70,4059160275,OP,4198,26.55,101328,4294967268,3,20,9,-74,24,975,392,0,40
1756405817,1,1,71,4059160775,OP,4198,26.41,101327,4294967276,-36,-26,27,-11,-34,975,380,0,40
1756405818,1,1,72,4059161276,OP,4198,26.09,101329,4294967260,4,-6,-32,-34,-42,1036,380,0,40
1756405818,1,1,73,4059161776,OP,4198,26.1,101328,4294967269,-4,-9,-40,102,-67,1007,368,0,40
1756405819,1,1,74,4059162276,OP,4198,26.62,101326,4294967281,28,19,7,30,15,1007,224,0,40
1756405819,1,1,75,4059162777,OP,4198,26.49,101329,4294967260,-8,-30,-42,30,-32,959,312,0,40
1756405820,1,1,76,4059163277,OP,4198,26.25,101328,4294967271,-7,-17,-7,-40,0,1038,303,0,40
1756405820,1,1,77,4059163777,OP,4198,26.36,101327,4294967277,-2,21,-35,0,2,984,259,0,40
1756405821,1,1,78,4059164278,OP,4198,26.68,101328,4294967267,-13,-14,-29,23,-8,1089,173,0,40
1756405821,1,1,79,4059164778,OP,4198,26.12,101328,4294967270,22,-26,-17,53,-103,959,194,0,40
1756405822,1,1,80,4059165279,OP,4197,26.5,101328,4294967271,2,23,-22,-51,-1,912,216,0,40
1756405822,1,1,81,4059165779,OP,4197,26.5,101326,4294967281,26,-28,46,15,5,1015,260,0,40
1756405823,1,1,82,4059166279,OP,4197,26.47,101327,4294967272,0,-14,-1,-30,64,972,212,0,40
1756405823,1,1,83,4059166780,OP,4197,26.55,101326,4294967282,-12,-19,-11,65,-71,1068,178,0,40
1756405824,1,1,84,4059167280,OP,4197,26.43,101328,4294967270,23,-24,9,-34,-74,949,132,0,40
1756405824,1,1,85,4059167780,OP,4197,26.51,101327,4294967272,-33,0,28,-6,-99,1053,178,0,40
1756405825,1,1,86,4059168281,OP,4197,26.3,101327,4294967274,-33,33,-15,-77,42,1008,145,0,40
1756405825,1,1,87,4059168781,OP,4197,26.42,101327,4294967275,13,-23,-1,36,0,1047,101,0,40
1756405826,1,1,88,4059169281,OP,4197,26.41,101326,4294967285,6,14,1,39,-21,957,150,0,40
1756405826,1,1,89,4059169782,OP,4197,26.55,101328,4294967268,6,-1,-31,12,-10,975,147,0,40
1756405827,1,1,90,4059170282,OP,4197,26.44,101326,4294967280,3,4,17,6,0,989,96,0,40
1756405827,1,1,91,4059170782,OP,4197,26.3,101329,4294967258,-34,-1,-30,61,39,954,172,0,40
1756405828,1,1,92,4059171283,OP,4197,25.89,101327,4294967279,13,27,7,-51,30,1091,97,0,40
1756405828,1,1,93,4059171783,OP,4197,26.48,101327,4294967274,19,-20,53,-40,29,982,86,0,40
1756405829,1,1,94,4059172284,OP,4197,26.64,101326,4294967280,26,-59,6,-112,33,1071,39,0,40
1756405829,1,1,95,4059172784,OP,4197,26.69,101326,4294967281,2,-13,-35,-145,15,1033,131,0,40
1756405830,1,1,96,4059173285,OP,4197,26.49,101330,4294967255,15,-23,-13,36,1,1020,131,0,40
1756405830,1,1,97,4059173786,OP,4197,26.34,101327,4294967278,-8,58,7,-24,-4,1066,131,0,40
1756405831,1,1,98,4059174286,OP,4197,26.09,101327,4294967280,11,13,44,-31,-26,1025,165,0,40
1756405831,1,1,99,4059174786,OP,4197,26.78,101328,4294967265,19,-22,6,79,-6,992,147,0,40
1756405832,1,1,100,4059175287,OP,4197,26.75,101327,4294967273,17,-5,26,68,42,994,107,0,40
1756405832,1,1,101,4059175788,OP,4197,26.23,101327,4294967277,5,6,-10,-77,-26,939,189,0,40
1756405833,1,1,102,4059176289,OP,4197,26.52,101327,4294967276,-15,8,-26,-76,-53,1005,153,0,40
1756405833,1,1,103,4059176789,OP,4197,26.79,101324,3,-31,-17,-61,15,-27,961,195,0,40
1756405834,1,1,104,4059177290,OP,4197,26.39,101327,4294967277,-4,32,-8,-66,37,1054,150,0,40
1756405834,1,1,105,4059177790,OP,4197,26.73,101327,4294967277,28,0,-21,15,80,952,165,0,40
1756405835,1,1,106,4059178290,OP,4197,26.3,101325,4294967290,-16,23,3,-21,-34,956,266,0,40
1756405835,1,1,107,4059178791,OP,4197,26.25,101325,4294967291,-1,-20,-3,-43,23,903,179,0,40
1756405836,1,1,108,4059179291,OP,4197,26.84,101327,4294967273,27,-12,11,34,-18,1100,137,0,40
1756405836,1,1,109,4059179792,OP,4197,26.3,101325,4294967293,-21,9,-11,-1,49,995,190,0,40
1756405837,1,1,110,4059180292,OP,4197,26.37,101326,4294967286,20,-10,1,3,-18,1079,222,0,40
1756405837,1,1,111,4059180792,OP,4197,26.14,101326,4294967280,-43,-14,21,47,3,973,234,0,40
1756405838,1,1,112,4059181293,OP,4197,26.27,101327,4294967274,-11,-8,5,18,19,1052,339,0,40
1756405838,1,1,113,4059181795,OP,4197,26.21,101326,4294967280,2,-20,5,-10,-66,959,271,0,40
1756405839,1,1,114,4059182296,OP,4197,26.29,101325,4294967293,-21,-8,25,-46,6,971,246,0,40
1756405839,1,1,115,4059182796,OP,4197,26.55,101327,4294967273,12,11,6,-18,4,1036,359,0,40
1756405840,1,1,116,4059183297,OP,4197,26.3,101325,4294967290,17,-4,-14,-97,-19,1040,243,0,40
1756405840,1,1,117,4059183797,OP,4197,26.16,101327,4294967274,18,29,-14,4,-23,933,336,0,40
1756405841,1,1,118,4059184298,OP,4197,26.65,101327,4294967274,-12,17,-10,-11,96,1024,380,0,40
1756405841,1,1,119,4059184798,OP,4197,26.33,101325,4294967293,23,-10,-8,40,5,1082,346,0,40
1756405842,1,1,120,4059185299,OP,4196,26.47,101325,4294967293,-2,14,-10,20,-20,1056,430,0,40
1756405842,1,1,121,4059185799,OP,4196,26.4,101325,0,32,-18,4,3,-11,959,464,0,40
1756405843,1,1,122,4059186300,OP,4196,26.26,101325,4294967292,9,-1,17,-92,37,1016,371,0,40
1756405843,1,1,123,4059186800,OP,4196,26.18,101325,4294967294,19,-56,20,-48,22,1066,415,0,40
1756405844,1,1,124,4059187300,OP,4196,26.02,101325,4294967293,26,8,31,-19,-53,975,461,0,40
1756405844,1,1,125,4059187801,OP,4196,26.22,101326,4294967280,-7,18,2,43,-35,897,546,0,40
1756405845,1,1,126,4059188302,OP,4196,26.46,101325,4294967295,-21,12,2,132,-3,968,605,0,40
1756405845,1,1,127,4059188802,OP,4196,26.22,101326,4294967288,27,48,0,54,29,1029,493,0,40
1756405846,1,1,128,4059189303,OP,4196,26.52,101326,4294967286,26,9,-41,3,-41,1058,570,0,40
1756405846,1,1,129,4059189804,OP,4196,26.35,101327,4294967275,1,-18,29,-57,-58,1019,521,0,40
1756405847,1,1,130,4059190304,OP,4196,26.36,101326,4294967286,-7,22,-4,-111,88,998,624,0,40
1756405847,1,1,131,4059190805,OP,4196,26.14,101325,4294967288,-10,33,9,-11,13,1007,628,0,40
1756405848,1,1,132,4059191305,OP,4196,26.26,101327,4294967279,-6,-34,7,-100,-6,928,642,0,40
1756405848,1,1,133,4059191806,OP,4196,26.53,101326,4294967288,-1,-3,-1,51,54,999,699,0,40
1756405849,1,1,134,4059192306,OP,4196,26.0,101326,4294967282,32,46,-27,22,-83,1007,625,0,40
1756405849,1,1,135,4059192806,OP,4196,25.89,101326,4294967284,-20,36,-21,-16,-11,1041,793,0,40
1756405850,1,1,136,4059193307,OP,4196,26.22,101323,9,-2,-16,11,95,93,941,780,0,40
1756405850,1,1,137,4059193807,OP,4196,26.04,101325,4294967293,-6,0,-10,-30,11,1085,724,0,40
1756405851,1,1,138,4059194307,OP,4196,25.85,101324,8,15,7,6,-83,4,1042,678,0,40
1756405851,1,1,139,4059194808,OP,4196,26.3,101323,10,14,-7,9,92,-73,970,757,0,40
1756405852,1,1,140,4059195308,OP,4196,26.1,101326,4294967287,-11,3,-7,12,1,950,796,0,40
1756405852,1,1,141,4059195809,OP,4196,26.27,101324,3,-3,-27,8,-47,-10,1061,823,0,40
1756405853,1,1,142,4059196309,OP,4196,26.03,101324,5,6,12,2,-6,-89,991,812,0,40
1756405853,1,1,143,4059196809,OP,4196,26.13,101324,6,25,-42,3,-14,6,980,843,0,40
1756405854,1,1,144,4059197310,OP,4196,26.07,101325,4294967294,24,55,18,37,128,942,840,0,40
1756405854,1,1,145,4059197811,OP,4196,25.92,101326,4294967287,13,-2,16,55,-22,936,925,0,40
1756405855,1,1,146,4059198311,OP,4196,26.12,101324,4,-17,12,2,30,18,1042,818,0,40
1756405855,1,1,147,4059198812,OP,4196,26.08,101325,4294967293,-32,9,35,-161,17,1054,904,0,40
1756405856,1,1,148,4059199312,OP,4196,25.96,101325,4294967293,17,35,-22,-36,-62,1055,922,0,40
1756405856,1,1,149,4059199812,OP,4196,26.0,101323,10,-35,27,14,-18,36,923,910,0,40
1756405857,1,1,150,4059200313,OP,4196,25.88,101325,0,-24,-19,-24,33,13,1070,820,0,40
1756405857,1,1,151,4059200813,OP,4196,25.75,101323,9,-44,36,-14,-55,-79,991,878,0,40
1756405858,1,1,152,4059201313,OP,4196,25.83,101322,18,-4,5,0,14,34,1033,963,0,40
1756405858,1,1,153,4059201814,OP,4196,25.78,101323,13,9,4,9,62,-14,923,911,0,40
1756405859,1,1,154,4059202314,OP,4196,26.01,101324,5,45,-3,24,115,86,982,910,0,40
1756405859,1,1,155,4059202815,OP,4196,25.5,101325,4294967289,-7,7,9,19,-48,1041,938,0,40
1756405860,1,1,156,4059203316,OP,4196,25.99,101325,4294967292,-4,20,24,33,10,1059,951,0,40
1756405860,1,1,157,4059203816,OP,4196,25.44,101323,14,0,19,6,60,39,960,913,0,40
1756405861,1,1,158,4059204317,OP,4196,25.5,101323,9,-7,12,4,47,-76,986,927,0,40
1756405861,1,1,159,4059204817,OP,4196,25.9,101323,15,0,-22,-19,55,0,968,906,0,40
1756405862,1,1,160,4059205317,OP,4195,25.44,101325,0,14,7,-11,-67,-51,965,869,0,40
1756405862,1,1,161,4059205818,OP,4195,25.69,101324,5,9,-16,11,-24,-23,1041,906,0,40
1756405863,1,1,162,4059206318,OP,4195,25.62,101324,5,2,-5,-47,-12,22,1006,881,0,40
1756405863,1,1,163,4059206819,OP,4195,25.85,101323,8,39,-32,-50,34,-1,996,930,0,40
1756405864,1,1,164,4059207319,OP,4195,26.01,101323,13,49,8,0,3,-9,943,906,0,40
1756405864,1,1,165,4059207820,OP,4195,25.86,101324,8,5,-19,-13,66,0,937,910,0,40
1756405865,1,1,166,4059208321,OP,4195,25.49,101324,1,-41,9,6,-38,-70,1042,880,0,40
1756405865,1,1,167,4059208821,OP,4195,25.28,101326,4294967287,-12,-25,-7,3,-1,1029,829,0,40
1756405866,1,1,168,4059209321,OP,4195,25.65,101323,16,8,24,0,-13,17,1013,819,0,40
1756405866,1,1,169,4059209823,OP,4195,25.31,101324,3,26,33,3,41,-124,1111,814,0,40
1756405867,1,1,170,4059210323,OP,4195,25.69,101321,25,2,-12,30,-49,83,961,799,0,40
1756405867,1,1,171,4059210823,OP,4195,25.23,101323,9,-15,49,2,-68,-106,927,886,0,40
1756405868,1,1,172,4059211324,OP,4195,25.41,101323,11,-13,-26,11,8,-5,962,777,0,40
1756405868,1,1,173,4059211824,OP,4195,25.34,101323,15,7,-37,-1,-7,-16,1067,854,0,40
1756405869,1,1,174,4059212325,OP,4195,25.93,101323,15,-34,-2,-12,18,37,1065,778,0,40
1756405869,1,1,175,4059212826,OP,4195,25.47,101323,9,2,-11,-13,-56,-25,991,707,0,40
1756405870,1,1,176,4059213326,OP,4195,25.17,101324,5,-12,-29,-24,-65,3,1057,709,0,40
1756405870,1,1,177,4059213827,OP,4195,25.11,101323,14,-19,-7,-10,36,14,941,784,0,40
1756405871,1,1,178,4059214328,OP,4195,25.35,101324,1,63,-14,-17,64,-69,994,727,0,40
1756405871,1,1,179,4059214828,OP,4195,25.59,101320,36,3,-11,-3,-13,-42,1007,710,0,40
1756405872,1,1,180,4059215328,OP,4195,24.89,101323,13,-19,-24,23,-56,-3,1007,666,0,40
1756405872,1,1,181,4059215829,OP,4195,25.05,101323,12,7,11,-6,-22,-26,1018,580,0,40
1756405873,1,1,182,4059216329,OP,4195,25.29,101323,10,-5,-39,18,-63,34,986,564,0,40
1756405873,1,1,183,4059216831,OP,4195,25.43,101323,11,10,25,-28,3,-68,1075,636,0,40
1756405874,1,1,184,4059217331,OP,4195,25.01,101321,31,25,10,23,-40,-13,1027,657,0,40
1756405874,1,1,185,4059217831,OP,4195,25.12,101324,7,17,5,-4,27,-37,970,573,0,40
1756405875,1,1,186,4059218332,OP,4195,25.23,101322,24,25,-23,18,-65,51,1018,590,0,40
1756405875,1,1,187,4059218832,OP,4195,24.65,101321,29,-18,21,-47,-86,-93,1041,499,0,40
1756405876,1,1,188,4059219333,OP,4195,25.18,101322,18,-4,6,-19,41,-42,948,491,0,40
1756405876,1,1,189,4059219833,OP,4195,24.54,101322,20,-10,-9,28,29,-1,1011,508,0,40
1756405877,1,1,190,4059220334,OP,4195,24.91,101323,15,-15,-12,15,11,-3,1016,468,0,40
1756405877,1,1,191,4059220834,OP,4195,24.79,101323,13,23,9,0,-80,-80,1029,390,0,40
1756405878,1,1,192,4059221335,OP,4195,25.05,101322,22,31,18,-10,19,-44,1005,372,0,40
1756405878,1,1,193,4059221835,OP,4195,24.75,101322,23,11,-3,-11,17,-38,1006,356,0,40
1756405879,1,1,194,4059222336,OP,4195,25.15,101323,10,-15,3,7,10,-22,1006,348,0,40
1756405879,1,1,195,4059222837,OP,4195,24.53,101323,14,-10,-6,-5,-85,-63,1035,379,0,40
1756405880,1,1,196,4059223337,OP,4195,24.75,101321,32,10,-4,36,17,88,1013,450,0,40
1756405880,1,1,197,4059223837,OP,4195,24.73,101321,32,-12,-38,-11,-60,-41,1056,381,0,40
1756405881,1,1,198,4059224338,OP,4195,24.73,101322,23,2,40,-5,74,-31,991,323,0,40
1756405881,1,1,199,4059224838,OP,4195,24.58,101324,7,4,7,45,-22,14,998,277,0,40
1756405882,1,1,200,4059225338,OP,4194,24.72,101321,25,-2,-12,43,-58,-27,950,290,0,40
1756405882,1,1,201,4059225839,OP,4194,24.65,101321,25,-8,5,-9,2,-64,1060,229,0,40
1756405883,1,1,202,4059226340,OP,4194,24.5,101320,34,-30,-3,12,-2,17,1043,269,0,40
1756405883,1,1,203,4059226840,OP,4194,24.86,101322,23,4,-3,-4,98,53,928,256,0,40
1756405884,1,1,204,4059227341,OP,4194,24.43,101320,38,0,21,-19,24,-8,945,196,0,40
1756405884,1,1,205,4059227841,OP,4194,24.79,101321,28,-5,-48,-1,44,26,1072,235,0,40
1756405885,1,1,206,4059228341,OP,4194,24.91,101322,22,-20,10,-16,-29,-1,1080,231,0,40
1756405885,1,1,207,4059228842,OP,4194,24.23,101322,18,-9,15,-3,7,15,1074,241,0,40
1756405886,1,1,208,4059229342,OP,4194,24.39,101321,29,8,6,-19,73,4,951,163,0,40
1756405886,1,1,209,4059229843,OP,4194,24.2,101320,39,23,-2,-2,17,-27,1056,127,0,40
1756405887,1,1,210,4059230343,OP,4194,24.48,101320,36,-10,42,-14,-130,51,1065,162,0,40
1756405887,1,1,211,4059230843,OP,4194,24.87,101322,21,0,34,-5,-6,26,990,197,0,40
1756405888,1,1,212,4059231344,OP,4194,24.33,101320,39,-17,-1,-29,40,5,953,128,0,40
1756405888,1,1,213,4059231844,OP,4194,24.52,101322,20,-2,13,19,-12,36,911,134,0,40
1756405889,1,1,214,4059232344,OP,4194,24.28,101321,31,-23,16,-24,27,-28,940,159,0,40
1756405889,1,1,215,4059232845,OP,4194,24.26,101322,18,3,8,-9,3,-117,919,97,0,40
1756405890,1,1,216,4059233346,OP,4194,24.38,101321,32,36,-22,-12,-98,5,1004,105,0,40
1756405890,1,1,217,4059233846,OP,4194,24.38,101321,30,33,20,16,24,2,994,145,0,40
1756405891,1,1,218,4059234347,OP,4194,24.41,101319,49,7,34,25,60,75,1061,83,0,40
1756405891,1,1,219,4059234847,OP,4194,24.36,101322,22,-20,16,-47,-18,100,1045,74,0,40
1756405892,1,1,220,4059235347,OP,4194,24.09,101320,38,-3,32,-33,9,-60,965,81,0,40
1756405892,1,1,221,4059235848,OP,4194,24.16,101321,28,-4,22,-27,-8,82,946,109,0,40
1756405893,1,1,222,4059236348,OP,4194,24.17,101321,29,4,-7,16,8,31,1083,70,0,40
1756405893,1,1,223,4059236848,OP,4194,23.84,101321,29,20,-12,-25,-90,-107,930,118,0,40
1756405894,1,1,224,4059237349,OP,4194,24.2,101322,24,0,-34,13,-22,-29,1106,101,0,40
1756405894,1,1,225,4059237850,OP,4194,24.19,101322,21,2,-1,-21,37,-43,1038,55,0,40
1756405895,1,1,226,4059238351,OP,4194,24.16,101320,37,15,3,0,-52,-37,955,81,0,40
1756405895,1,1,227,4059238851,OP,4194,24.02,101321,26,23,5,-31,41,4,1054,161,0,40
1756405896,1,1,228,4059239351,OP,4194,24.17,101322,24,8,-8,44,-23,-53,1046,187,0,40
1756405896,1,1,229,4059239852,OP,4194,24.1,101320,36,-7,-1,-35,-50,-60,1017,179,0,40
1756405897,1,1,230,4059240352,OP,4194,23.95,101322,23,-28,13,-32,44,-21,1102,178,0,40
1756405897,1,1,231,4059240853,OP,4194,24.17,101323,15,2,10,-20,45,1,1064,181,0,40
1756405898,1,1,232,4059241354,OP,4194,23.92,101320,35,21,-46,1,10,-87,959,101,0,40
1756405898,1,1,233,4059241854,OP,4194,23.96,101319,42,20,19,-13,0,75,1032,203,0,40
1756405899,1,1,234,4059242354,OP,4194,24.12,101320,35,9,14,-22,-51,17,891,238,0,40
1756405899,1,1,235,4059242854,OP,4194,23.71,101319,47,-12,-20,-13,-5,-29,1019,242,0,40
1756405900,1,1,236,4059243355,OP,4194,24.02,101321,31,-3,34,13,65,0,1000,213,0,40
1756405900,1,1,237,4059243855,OP,4194,23.65,101320,35,10,33,-25,-16,-11,1004,232,0,40
1756405901,1,1,238,4059244356,OP,4194,23.72,101319,44,-11,-1,-42,13,16,1024,271,0,40
1756405901,1,1,239,4059244857,OP,4194,24.2,101320,38,-26,-5,-11,36,76,965,243,0,40
1756405902,1,1,240,4059245358,OP,4193,24.06,101320,37,8,8,28,26,-49,1000,295,0,40
1756405902,1,1,241,4059245859,OP,4193,23.9,101321,32,-17,-10,-28,24,-40,1010,291,0,40
1756405903,1,1,242,4059246362,OP,4193,23.55,101320,36,59,8,25,2,-16,983,340,0,40
1756405903,1,1,243,4059246862,OP,4193,23.86,101321,28,-10,1,-15,-31,21,1121,306,0,40
1756405904,1,1,244,4059247363,OP,4193,24.28,101320,40,-5,28,34,120,-33,941,399,0,40
1756405904,1,1,245,4059247863,OP,4193,23.58,101320,37,5,-21,30,-52,-75,1042,414,0,40
1756405905,1,1,246,4059248363,OP,4193,23.7,101320,34,-17,-34,-8,-31,10,970,459,0,40
1756405905,1,1,247,4059248863,OP,4193,23.7,101320,35,8,32,-19,-55,-29,1017,475,0,40
1756405906,1,1,248,4059249364,OP,4193,23.43,101319,44,44,6,0,-37,9,945,400,0,40
1756405906,1,1,249,4059249865,OP,4193,23.42,101318,52,-20,5,-21,-18,13,968,514,0,40
1756405907,1,1,250,4059250367,OP,4193,23.48,101318,57,-9,42,-8,-94,-68,875,502,0,40
1756405907,1,1,251,4059250868,OP,4193,23.93,101319,44,5,-20,-22,11,48,996,494,0,40
1756405908,1,1,252,4059251370,OP,4193,23.86,101318,57,2,-17,-7,-31,38,1054,559,0,40
1756405908,1,1,253,4059251871,OP,4193,23.47,101319,41,0,-19,17,31,87,1022,564,0,40
1756405909,1,1,254,4059252371,OP,4193,23.74,101318,51,-2,-20,-36,14,-47,911,610,0,40
1756405909,1,1,255,4059252872,OP,4193,23.81,101321,33,-22,14,12,38,-33,1041,532,0,40
1756405910,1,1,256,4059253373,OP,4193,23.52,101320,39,-9,-34,-31,-72,-41,985,554,0,40
1756405910,1,1,257,4059253874,OP,4193,23.58,101319,45,32,-4,5,-58,-80,896,708,0,40
1756405911,1,1,258,4059254374,OP,4193,23.68,101320,39,-10,15,-26,68,7,1079,661,0,40
1756405911,1,1,259,4059254875,OP,4193,23.43,101319,48,-5,-16,14,132,55,966,707,0,40
1756405912,1,1,260,4059255376,OP,4193,23.79,101320,38,69,4,-9,-60,44,931,660,0,40
1756405912,1,1,261,4059255876,OP,4193,23.65,101318,51,37,-1,25,-78,35,951,671,0,40
1756405913,1,1,262,4059256377,OP,4193,23.48,101320,41,6,17,-18,-91,-18,974,714,0,40
1756405913,1,1,263,4059256879,OP,4193,24.26,101320,38,8,3,6,-23,28,974,796,0,40
1756405914,1,1,264,4059257379,OP,4193,23.1,101318,51,14,42,11,-6,72,992,833,0,40
1756405914,1,1,265,4059257879,OP,4193,23.46,101319,47,-12,-20,19,4,69,947,746,0,40
1756405915,1,1,266,4059258380,OP,4193,23.52,101320,38,24,-29,14,-17,27,1056,736,0,40
1756405915,1,1,267,4059258880,OP,4193,23.73,101319,48,6,-9,23,10,34,911,775,0,40
1756405916,1,1,268,4059259381,OP,4193,23.24,101319,47,-10,-5,-9,66,-75,945,743,0,40
1756405916,1,1,269,4059259881,OP,4193,23.58,101319,41,13,-3,-7,84,91,1005,817,0,40
1756405917,1,1,270,4059260381,OP,4193,23.24,101319,44,15,-8,33,-7,-108,1028,851,0,40
1756405917,1,1,271,4059260882,OP,4193,23.4,101321,31,-32,2,-39,-7,31,1056,860,0,40
1756405918,1,1,272,4059261382,OP,4193,23.81,101320,34,22,-4,9,-45,48,1002,895,0,40
1756405918,1,1,273,4059261883,OP,4193,23.46,101321,33,-26,9,4,-35,-1,1047,847,0,40
1756405919,1,1,274,4059262383,OP,4193,23.84,101319,49,4,-10,28,26,-73,917,968,0,40
1756405919,1,1,275,4059262884,OP,4193,23.44,101319,42,4,0,1,45,-18,1023,845,0,40
1756405920,1,1,276,4059263385,OP,4193,23.41,101319,48,1,0,38,-5,39,922,932,0,40
1756405920,1,1,277,4059263885,OP,4193,23.92,101320,35,24,-20,15,-62,45,954,886,0,40
1756405921,1,1,278,4059264386,OP,4193,23.37,101319,44,8,-5,23,-44,39,1067,915,0,40
1756405921,1,1,279,4059264886,OP,4193,23.5,101320,39,-25,23,34,-85,-18,1077,902,0,40
1756405922,1,1,280,4059265386,OP,4192,23.56,101321,33,-31,-19,-18,-2,36,1079,898,0,40
1756405922,1,1,281,4059265887,OP,4192,23.12,101321,26,-2,-41,6,-3,31,959,886,0,40
1756405923,1,1,282,4059266388,OP,4192,23.71,101319,46,11,-1,-39,-40,18,1012,965,0,40
1756405923,1,1,283,4059266888,OP,4192,23.15,101319,46,-7,2,-41,-30,25,1014,895,0,40
1756405924,1,1,284,4059267389,OP,4192,24.03,101319,47,41,3,-17,-44,17,988,983,0,40
1756405924,1,1,285,4059267889,OP,4192,23.34,101320,39,21,3,4,28,12,971,896,0,40
1756405925,1,1,286,4059268390,OP,4192,23.36,101320,40,-15,-15,-10,-38,0,958,902,0,40
1756405925,1,1,287,4059268890,OP,4192,23.42,101322,20,11,-36,23,-48,25,1008,844,0,40
1756405926,1,1,288,4059269391,OP,4192,23.33,101320,34,-11,-5,23,55,23,964,898,0,40
1756405926,1,1,289,4059269891,OP,4192,23.64,101321,28,-16,-9,-19,-128,74,946,905,0,40
1756405927,1,1,290,4059270392,OP,4192,23.32,101319,45,-2,-6,53,42,51,926,863,0,40
1756405927,1,1,291,4059270892,OP,4192,23.53,101318,52,12,7,2,9,-53,1097,866,0,40
1756405928,1,1,292,4059271392,OP,4192,23.34,101319,46,13,2,26,60,-15,1000,892,0,40
1756405928,1,1,293,4059271893,OP,4192,23.43,101320,36,-36,20,-16,47,-41,1014,888,0,40
1756405929,1,1,294,4059272393,OP,4192,23.57,101320,37,20,19,19,45,-27,972,797,0,40
1756405929,1,1,295,4059272895,OP,4192,23.68,101320,33,-50,-13,-31,42,7,1043,781,0,40
1756405930,1,1,296,4059273395,OP,4192,23.28,101317,61,-11,5,2,-63,107,988,856,0,40
1756405930,1,1,297,4059273896,OP,4192,23.44,101321,31,9,22,-22,-32,71,981,820,0,40
1756405931,1,1,298,4059274399,OP,4192,23.08,101317,58,32,-1,-1,-26,-8,946,782,0,40
1756405931,1,1,299,4059274899,OP,4192,23.42,101320,38,-40,-18,-2,-5,23,1073,827,0,40
1756405932,1,1,300,4059275400,OP,4192,23.52,101321,32,22,16,-5,24,0,929,762,0,40
1756405932,1,1,301,4059275901,OP,4192,23.63,101318,54,0,-4,46,-31,-28,1026,776,0,40
1756405933,1,1,302,4059276402,OP,4192,23.72,101319,48,-12,17,-16,9,22,928,801,0,40
1756405933,1,1,303,4059276903,OP,4192,23.31,101321,26,-26,33,9,9,102,916,697,0,40
1756405934,1,1,304,4059277404,OP,4192,23.42,101318,56,-16,18,20,-1,-76,995,676,0,40
1756405934,1,1,305,4059277904,OP,4192,23.57,101320,39,-17,12,-29,-64,62,1049,695,0,40
1756405935,1,1,306,4059278405,OP,4192,23.62,101318,52,-4,22,-17,-74,23,1056,701,0,40
1756405935,1,1,307,4059278906,OP,4192,23.47,101319,43,-5,-23,5,53,-1,1007,711,0,40
1756405936,1,1,308,4059279407,OP,4192,23.61,101320,38,-10,14,-4,-32,35,982,636,0,40
1756405936,1,1,309,4059279907,OP,4192,23.61,101319,41,19,7,25,55,32,1096,595,0,40
1756405937,1,1,310,4059280408,OP,4192,23.42,101321,32,-20,-26,-3,41,5,984,565,0,40
1756405937,1,1,311,4059280908,OP,4192,23.27,101321,28,20,0,2,-80,-53,1013,570,0,40
1756405938,1,1,312,4059281410,OP,4192,23.47,101319,44,-7,-44,13,-52,20,1016,569,0,40
1756405938,1,1,313,4059281910,OP,4192,23.46,101318,55,-6,14,-6,-4,2,1082,412,0,40
1756405939,1,1,314,4059282411,OP,4192,23.22,101320,36,-39,13,-3,23,-55,978,492,0,40
1756405939,1,1,315,4059282911,OP,4192,23.6,101320,35,-12,-15,-8,-37,5,935,459,0,40
1756405940,1,1,316,4059283411,OP,4192,23.39,101320,36,14,-19,-10,-43,16,970,452,0,40
1756405940,1,1,317,4059283912,OP,4192,23.71,101319,42,0,36,-5,-49,35,988,447,0,40
1756405941,1,1,318,4059284412,OP,4192,23.38,101318,51,21,-11,-15,2,-1,1013,454,0,40
1756405941,1,1,319,4059284913,OP,4192,23.66,101320,35,-15,8,15,5,51,1034,403,0,40
1756405942,1,1,320,4059285414,OP,4191,23.84,101321,29,-17,-15,-3,86,-105,1030,375,0,40
1756405942,1,1,321,4059285915,OP,4191,23.59,101321,26,-5,41,14,22,19,1025,375,0,40
1756405943,1,1,322,4059286417,OP,4191,23.63,101321,29,-5,-31,-20,-44,21,984,419,0,40
1756405943,1,1,323,4059286919,OP,4191,23.59,101319,44,-18,4,10,-30,5,1034,306,0,40
1756405944,1,1,324,4059287420,OP,4191,23.55,101320,36,-29,-19,0,-87,118,1090,288,0,40
1756405944,1,1,325,4059287921,OP,4191,23.51,101320,39,24,28,-1,6,-14,952,313,0,40
1756405945,1,1,326,4059288422,OP,4191,23.56,101319,42,-35,3,-7,-39,-22,1040,300,0,40
1756405945,1,1,327,4059288923,OP,4191,24.32,101320,34,-5,-16,-27,19,-6,1050,258,0,40
1756405946,1,1,328,4059289424,OP,4191,24.25,101319,48,12,-16,-7,-15,-27,931,270,0,40
1756405946,1,1,329,4059289926,OP,4191,23.78,101321,27,11,-4,11,11,-102,1050,299,0,40
1756405947,1,1,330,4059290427,OP,4191,23.87,101319,46,35,7,-12,12,61,1035,205,0,40
1756405947,1,1,331,4059290927,OP,4191,24.04,101320,34,-38,0,35,22,-5,1075,252,0,40
1756405948,1,1,332,4059291428,OP,4191,23.66,101320,35,-53,-6,15,-1,75,1047,176,0,40
1756405948,1,1,333,4059291929,OP,4191,23.99,101320,40,21,36,0,-105,-30,956,97,0,40
1756405949,1,1,334,4059292431,OP,4191,23.94,101320,38,-21,25,12,74,-15,972,187,0,40
1756405949,1,1,335,4059292932,OP,4191,23.82,101320,40,-3,13,5,-74,-11,1075,164,0,40
1756405950,1,1,336,4059293433,OP,4191,23.79,101320,40,-14,1,12,-48,50,977,116,0,40
1756405950,1,1,337,4059293934,OP,4191,24.04,101321,33,-31,9,26,61,81,1004,139,0,40
1756405951,1,1,338,4059294434,OP,4191,24.18,101320,40,-40,13,-1,-38,-42,1048,169,0,40
1756405951,1,1,339,4059294934,OP,4191,24.31,101321,32,7,-20,9,21,-26,1043,98,0,40
1756405952,1,1,340,4059295435,OP,4191,23.84,101322,17,19,-13,-9,-9,-104,1023,141,0,40
1756405952,1,1,341,4059295936,OP,4191,24.15,101320,38,46,10,2,30,-30,1037,91,0,40
1756405953,1,1,342,4059296436,OP,4191,24.42,101321,32,13,-8,0,44,37,956,25,0,40
1756405953,1,1,343,4059296937,OP,4191,23.97,101320,38,14,-17,9,5,-10,944,147,0,40
1756405954,1,1,344,4059297438,OP,4191,24.24,101321,28,-24,-12,48,11,55,974,106,0,40
1756405954,1,1,345,4059297940,OP,4191,24.21,101320,35,-9,-49,-16,40,-24,928,151,0,40
1756405955,1,1,346,4059298440,OP,4191,24.29,101321,27,27,4,3,-47,-38,963,99,0,40
1756405955,1,1,347,4059298940,OP,4191,24.1,101321,28,-16,-17,2,-31,18,1048,104,0,40
1756405956,1,1,348,4059299441,OP,4191,24.57,101321,29,-19,-1,35,51,-12,1027,199,0,40
1756405956,1,1,349,4059299941,OP,4191,23.93,101320,41,-38,6,-4,34,-18,1004,132,0,40
1756405957,1,1,350,4059300442,OP,4191,24.16,101321,28,10,-42,-15,9,-11,1020,142,0,40
1756405957,1,1,351,4059300942,OP,4191,24.55,101320,40,-27,21,-17,28,10,1125,141,0,40
1756405958,1,1,352,4059301443,OP,4191,24.5,101321,30,-23,-14,-29,14,60,1035,145,0,40
1756405958,1,1,353,4059301944,OP,4191,24.18,101323,15,-1,-38,11,-29,15,1087,118,0,40
1756405959,1,1,354,4059302444,OP,4191,24.22,101319,45,-53,-13,-12,19,-77,940,155,0,40
1756405959,1,1,355,4059302945,OP,4191,24.7,101320,35,0,-12,-4,5,27,962,181,0,40
1756405960,1,1,356,4059303445,OP,4191,23.94,101322,20,-7,50,-13,-40,23,993,172,0,40
1756405960,1,1,357,4059303946,OP,4191,24.27,101321,29,-4,21,12,-77,16,977,152,0,40
1756405961,1,1,358,4059304446,OP,4191,24.46,101321,25,-16,0,-14,40,70,956,208,0,40
1756405961,1,1,359,4059304946,OP,4191,24.66,101321,30,-26,17,-6,-42,-7,1019,208,0,40
1756405962,1,1,360,4059305447,OP,4190,24.82,101321,31,-7,25,-6,86,-106,1002,93,0,40
1756405962,1,1,361,4059305947,OP,4190,24.55,101322,22,10,0,-31,31,-4,972,281,0,40
1756405963,1,1,362,4059306448,OP,4190,24.6,101321,30,-23,-20,10,12,-59,987,211,0,40
1756405963,1,1,363,4059306948,OP,4190,24.35,101323,14,-2,10,2,23,28,1025,211,0,40
1756405964,1,1,364,4059307449,OP,4190,24.83,101321,27,-17,-27,-11,56,62,1002,266,0,40
1756405964,1,1,365,4059307949,OP,4190,24.68,101321,27,0,-4,8,11,-94,1105,269,0,40
1756405965,1,1,366,4059308450,OP,4190,24.63,101322,17,24,-26,-15,-45,-46,1010,284,0,40
1756405965,1,1,367,4059308950,OP,4190,25.07,101324,5,-12,-10,28,16,43,1063,364,0,40
1756405966,1,1,368,4059309451,OP,4190,24.89,101321,27,32,16,-27,22,-4,962,309,0,40
1756405966,1,1,369,4059309951,OP,4190,24.82,101320,33,-3,28,55,-23,-3,935,382,0,40
1756405967,1,1,370,4059310451,OP,4190,24.59,101323,13,-6,5,-33,-59,7,983,378,0,40
1756405967,1,1,371,4059310952,OP,4190,25.02,101323,9,8,-10,13,-60,-37,1004,367,0,40
1756405968,1,1,372,4059311452,OP,4190,24.79,101322,17,22,13,13,39,-50,967,421,0,40
1756405968,1,1,373,4059311953,OP,4190,24.8,101321,26,60,-15,-35,-12,40,970,468,0,40
1756405969,1,1,374,4059312453,OP,4190,25.14,101322,20,-54,2,0,66,-98,985,445,0,40
1756405969,1,1,375,4059312953,OP,4190,25.09,101320,40,-13,10,44,-10,29,986,484,0,40
1756405970,1,1,376,4059313454,OP,4190,24.96,101323,12,-51,-23,0,-15,33,999,493,0,40
1756405970,1,1,377,4059313954,OP,4190,24.82,101322,19,38,-2,0,-33,48,961,538,0,40
1756405971,1,1,378,4059314454,OP,4190,25.03,101322,23,-1,17,45,27,-21,1071,479,0,40
1756405971,1,1,379,4059314955,OP,4190,25.09,101320,33,35,-20,-17,-22,53,913,555,0,40
1756405972,1,1,380,4059315455,OP,4190,24.98,101321,25,2,16,0,51,26,949,659,0,40
1756405972,1,1,381,4059315956,OP,4190,25.21,101320,35,-56,-4,-18,-115,-26,961,555,0,40
1756405973,1,1,382,4059316456,OP,4190,25.24,101325,4294967295,30,-36,-20,24,-30,1066,593,0,40
1756405973,1,1,383,4059316956,OP,4190,25.5,101321,33,7,21,-14,-60,-63,928,658,0,40
1756405974,1,1,384,4059317457,OP,4190,25.24,101323,16,-4,1,-8,51,3,1006,601,0,40
1756405974,1,1,385,4059317958,OP,4190,25.52,101322,18,34,-12,50,-99,-53,991,621,0,40
1756405975,1,1,386,4059318458,OP,4190,25.05,101320,40,-2,-32,-23,13,-8,950,725,0,40
1756405975,1,1,387,4059318959,OP,4190,25.4,101321,26,1,7,5,-15,39,1011,693,0,40
1756405976,1,1,388,4059319459,OP,4190,25.35,101322,21,-17,9,18,80,40,1005,762,0,40
1756405976,1,1,389,4059319959,OP,4190,24.97,101322,19,48,-1,-2,-66,-51,950,724,0,40
1756405977,1,1,390,4059320461,OP,4190,25.44,101324,5,-8,-37,-54,-61,-56,1025,782,0,40
1756405977,1,1,391,4059320961,OP,4190,25.35,101322,20,10,-8,3,-31,8,1043,709,0,40
1756405978,1,1,392,4059321462,OP,4190,25.36,101322,19,7,-6,4,-26,-24,1111,792,0,40
1756405978,1,1,393,4059321963,OP,4190,25.73,101323,12,-10,-6,9,-62,-26,1024,790,0,40
1756405979,1,1,394,4059322464,OP,4190,25.35,101323,13,-8,12,-24,-38,65,1069,903,0,40
1756405979,1,1,395,4059322965,OP,4190,25.49,101323,12,0,-3,8,12,30,1016,885,0,40
1756405980,1,1,396,4059323465,OP,4190,25.74,101323,14,8,-3,7,-1,18,1108,805,0,40
1756405980,1,1,397,4059323967,OP,4190,25.51,101324,6,20,-7,8,-97,-15,997,870,0,40
1756405981,1,1,398,4059324468,OP,4190,25.33,101324,0,-32,-20,-13,-20,1,962,907,0,40
1756405981,1,1,399,4059324969,OP,4190,25.22,101324,2,0,9,-40,168,-61,974,854,0,40
1756405982,1,1,400,4059325470,OP,4189,25.66,101324,4,-2,-29,-16,0,99,1043,797,0,40
1756405982,1,1,401,4059325971,OP,4189,25.06,101323,11,0,11,-8,-39,-79,1046,864,0,40
1756405983,1,1,402,4059326471,OP,4189,25.6,101325,4294967295,13,-8,-6,-4,15,1111,930,0,40
1756405983,1,1,403,4059326972,OP,4189,25.65,101323,14,-13,-15,8,-59,25,1006,873,0,40
1756405984,1,1,404,4059327472,OP,4189,25.66,101324,2,45,17,-29,52,68,951,918,0,40
1756405984,1,1,405,4059327973,OP,4189,25.44,101323,9,12,-12,37,65,44,987,938,0,40
1756405985,1,1,406,4059328474,OP,4189,25.54,101325,4294967295,8,-2,1,25,-49,1138,978,0,40
1756405985,1,1,407,4059328975,OP,4189,25.93,101324,6,-5,-1,-18,-3,-13,1008,890,0,40
1756405986,1,1,408,4059329477,OP,4189,25.6,101324,7,5,-12,-9,44,9,1029,866,0,40
1756405986,1,1,409,4059329979,OP,4189,25.94,101324,6,16,-33,-33,-15,-35,1009,892,0,40
1756405987,1,1,410,4059330481,OP,4189,25.38,101322,17,-25,-25,5,-97,14,1015,920,0,40
1756405987,1,1,411,4059330982,OP,4189,26.33,101323,10,46,-4,23,74,37,987,932,0,40
1756405988,1,1,412,4059331483,OP,4189,25.79,101324,6,-15,-2,12,-43,-10,1020,881,0,40
1756405988,1,1,413,4059331984,OP,4189,25.57,101323,11,15,28,-30,-24,-51,1024,841,0,40
1756405989,1,1,414,4059332485,OP,4189,25.72,101324,0,-3,4,-8,-48,-36,1068,888,0,40
1756405989,1,1,415,4059332989,OP,4189,25.97,101326,4294967286,-20,-31,36,-12,13,1022,917,0,40
1756405990,1,1,416,4059333490,OP,4189,25.79,101323,8,10,-8,18,33,54,1044,920,0,40
1756405990,1,1,417,4059333991,OP,4189,26.06,101325,4294967291,-19,0,5,40,35,1008,879,0,40
1756405991,1,1,418,4059334492,OP,4189,25.93,101326,4294967284,-8,24,-18,-58,-82,966,837,0,40
1756405991,1,1,419,4059334993,OP,4189,26.27,101326,4294967288,0,18,28,-8,-6,1077,808,0,40
1756405992,1,1,420,4059335495,OP,4189,26.29,101322,17,7,-25,4,-79,20,993,868,0,40
1756405992,1,1,421,4059335995,OP,4189,25.95,101325,4294967293,-24,5,-17,-38,-28,1006,830,0,40
1756405993,1,1,422,4059336497,OP,4189,25.96,101323,11,-14,19,-36,91,-56,995,821,0,40
1756405993,1,1,423,4059336998,OP,4189,25.99,101324,2,-6,-17,10,-49,-121,1012,799,0,40
1756405994,1,1,424,4059337501,OP,4189,26.08,101325,0,10,0,-18,-17,-48,990,845,0,40
1756405994,1,1,425,4059338001,OP,4189,26.03,101326,4294967285,19,-9,12,-32,19,999,766,0,40
1756405995,1,1,426,4059338502,OP,4189,26.41,101323,11,1,16,19,59,-36,996,751,0,40
1756405995,1,1,427,4059339003,OP,4189,25.89,101324,0,-9,-17,-27,18,42,1004,782,0,40
1756405996,1,1,428,4059339504,OP,4189,26.09,101325,4294967289,-22,-14,-34,-34,1,1010,784,0,40
1756405996,1,1,429,4059340005,OP,4189,25.85,101323,9,41,37,-19,50,110,977,740,0,40
1756405997,1,1,430,4059340505,OP,4189,26.36,101326,4294967280,-3,-36,18,-22,62,1002,724,0,40
1756405997,1,1,431,4059341006,OP,4189,26.06,101324,4,8,-28,12,28,-26,1052,748,0,40
1756405998,1,1,432,4059341507,OP,4189,25.9,101323,10,-15,5,10,-47,-67,963,677,0,40
1756405998,1,1,433,4059342008,OP,4189,26.28,101326,4294967284,-21,-40,20,-54,-125,1034,603,0,40
1756405999,1,1,434,4059342509,OP,4189,26.29,101325,4294967289,-23,-38,28,67,-40,980,652,0,40
1756405999,1,1,435,4059343009,OP,4189,26.13,101326,4294967287,3,42,-19,-128,17,1047,594,0,40
1756406000,1,1,436,4059343511,OP,4189,26.04,101325,4294967289,-28,1,47,5,5,921,644,0,40
1756406000,1,1,437,4059344012,OP,4189,26.49,101325,4294967288,8,-26,0,-5,18,947,567,0,40
1756406001,1,1,438,4059344512,OP,4189,26.5,101325,4294967293,-39,3,-9,-53,38,1078,495,0,40
1756406001,1,1,439,4059345013,OP,4189,26.24,101325,4294967293,-17,0,3,1,-87,1044,540,0,40
1756406002,1,1,440,4059345515,OP,4188,26.11,101326,4294967283,2,17,7,-60,-37,1021,456,0,40
1756406002,1,1,441,4059346016,OP,4188,26.61,101327,4294967279,10,-21,-35,116,-18,952,555,0,40
1756406003,1,1,442,4059346517,OP,4188,26.04,101325,4294967289,30,-7,-4,41,-26,1039,508,0,40
1756406003,1,1,443,4059347017,OP,4188,26.28,101327,4294967280,48,-7,-28,3,28,894,483,0,40
1756406004,1,1,444,4059347518,OP,4188,26.61,101326,4294967281,-32,-16,-7,-32,-34,943,386,0,40
1756406004,1,1,445,4059348018,OP,4188,26.06,101326,4294967284,18,-10,1,-46,-7,1014,403,0,40
1756406005,1,1,446,4059348519,OP,4188,26.36,101327,4294967279,-41,-8,9,33,35,927,338,0,40
1756406005,1,1,447,4059349019,OP,4188,26.43,101326,4294967285,14,-5,3,-33,0,917,385,0,40
1756406006,1,1,448,4059349519,OP,4188,26.3,101324,3,20,-8,21,19,12,998,329,0,40
1756406006,1,1,449,4059350020,OP,4188,26.19,101324,7,21,-15,2,-37,-80,980,399,0,40
1756406007,1,1,450,4059350520,OP,4188,26.68,101326,4294967284,13,24,-8,32,-16,950,236,0,40
1756406007,1,1,451,4059351021,OP,4188,26.38,101325,4294967294,-14,17,-46,44,-5,1010,340,0,40
1756406008,1,1,452,4059351522,OP,4188,26.57,101326,4294967285,13,20,27,33,-26,955,323,0,40
1756406008,1,1,453,4059352023,OP,4188,26.44,101327,4294967277,-14,2,-11,37,-50,978,268,0,40
1756406009,1,1,454,4059352523,OP,4188,26.35,101325,4294967290,-6,24,-5,-39,97,986,236,0,40
1756406009,1,1,455,4059353024,OP,4188,26.28,101327,4294967278,4,25,-28,-42,0,980,265,0,40
1756406010,1,1,456,4059353525,OP,4188,26.55,101326,4294967283,-26,0,27,-70,75,1046,202,0,40
1756406010,1,1,457,4059354026,OP,4188,26.37,101325,4294967291,42,12,25,55,76,896,122,0,40
1756406011,1,1,458,4059354527,OP,4188,26.41,101327,4294967277,6,5,-8,-47,-77,1008,145,0,40
1756406011,1,1,459,4059355030,OP,4188,26.53,101326,4294967281,26,14,-20,-58,-54,993,254,0,40
1756406012,1,1,460,4059355531,OP,4188,26.43,101326,4294967287,4,1,-11,-4,31,963,178,0,40
1756406012,1,1,461,4059356032,OP,4188,26.09,101327,4294967273,21,24,-18,-61,-25,1024,161,0,40
1756406013,1,1,462,4059356532,OP,4188,26.47,101328,4294967264,23,-28,0,17,-23,940,206,0,40
1756406013,1,1,463,4059357033,OP,4188,26.25,101327,4294967277,-38,4,-32,32,-6,979,119,0,40
1756406014,1,1,464,4059357534,OP,4188,26.27,101326,4294967281,-4,12,0,29,-21,1015,118,0,40
1756406014,1,1,465,4059358034,OP,4188,26.73,101327,4294967279,-26,8,8,11,-44,871,189,0,40
1756406015,1,1,466,4059358534,OP,4188,26.55,101326,4294967287,14,2,7,-35,13,1093,166,0,40
1756406015,1,1,467,4059359035,OP,4188,26.56,101327,4294967279,-41,-22,-15,38,52,996,124,0,40
1756406016,1,1,468,4059359535,OP,4188,26.47,101327,4294967276,39,-22,-4,60,6,937,112,0,40
1756406016,1,1,469,4059360036,OP,4188,26.56,101328,4294967268,-26,-24,-24,15,-49,963,131,0,40
1756406017,1,1,470,4059360536,OP,4188,26.43,101329,4294967261,-7,-5,6,-4,58,1048,138,0,40
1756406017,1,1,471,4059361037,OP,4188,26.47,101325,4294967291,26,38,-37,-15,10,944,201,0,40
1756406018,1,1,472,4059361538,OP,4188,26.61,101326,4294967286,-20,-16,27,-9,-23,914,102,0,40
1756406018,1,1,473,4059362038,OP,4188,26.35,101328,4294967266,1,-8,-6,8,-25,1094,102,0,40
1756406019,1,1,474,4059362539,OP,4188,26.05,101327,4294967277,5,-4,-12,-24,21,1056,42,0,40
1756406019,1,1,475,4059363039,OP,4188,26.4,101326,4294967287,16,4,11,-63,-36,1022,95,0,40
1756406020,1,1,476,4059363540,OP,4188,26.33,101330,4294967248,42,2,-1,-77,-7,1103,128,0,40
1756406020,1,1,477,4059364040,OP,4188,26.5,101327,4294967277,-6,11,5,41,101,1083,157,0,40
1756406021,1,1,478,4059364540,OP,4188,26.69,101327,4294967274,-50,3,14,-47,21,967,60,0,40
1756406021,1,1,479,4059365041,OP,4188,26.44,101327,4294967274,-23,-3,29,-10,-44,983,197,0,40
1756406022,1,1,480,4059365541,OP,4187,26.75,101327,4294967272,32,7,-9,28,-69,1005,193,0,40
1756406022,1,1,481,4059366041,OP,4187,26.34,101327,4294967275,2,5,14,40,42,977,153,0,40
1756406023,1,1,482,4059366543,OP,4187,26.54,101328,4294967271,39,32,-27,0,-7,984,182,0,40
1756406023,1,1,483,4059367043,OP,4187,26.23,101327,4294967274,25,11,-15,-3,-17,988,186,0,40
1756406024,1,1,484,4059367544,OP,4187,26.38,101330,4294967252,-13,8,-5,7,44,989,214,0,40
1756406024,1,1,485,4059368044,OP,4187,26.43,101327,4294967276,-11,8,29,-28,-12,990,240,0,40
1756406025,1,1,486,4059368546,OP,4187,26.7,101328,4294967268,13,2,-7,-41,-4,1042,185,0,40
1756406025,1,1,487,4059369047,OP,4187,26.45,101327,4294967276,2,13,4,81,-3,1019,279,0,40
1756406026,1,1,488,4059369547,OP,4187,26.49,101327,4294967276,0,-7,24,37,97,1012,244,0,40
1756406026,1,1,489,4059370048,OP,4187,26.77,101328,4294967265,27,-6,25,-10,10,948,234,0,40
1756406027,1,1,490,4059370548,OP,4187,26.4,101329,4294967262,26,-6,-1,38,41,1004,339,0,40
1756406027,1,1,491,4059371048,OP,4187,26.4,101328,4294967267,-1,39,2,45,-57,1007,326,0,40
1756406028,1,1,492,4059371549,OP,4187,26.05,101328,4294967266,27,2,-5,113,-41,975,340,0,40
1756406028,1,1,493,4059372049,OP,4187,26.56,101329,4294967260,-32,0,-3,78,-1,914,341,0,40
1756406029,1,1,494,4059372552,OP,4187,26.54,101330,4294967253,42,-7,4,-14,-13,990,354,0,40
1756406029,1,1,495,4059373053,OP,4187,26.21,101328,4294967271,22,3,16,55,40,962,353,0,40
1756406030,1,1,496,4059373553,OP,4187,26.78,101329,4294967262,1,6,-25,65,1,975,408,0,40
1756406030,1,1,497,4059374055,OP,4187,26.12,101328,4294967269,-15,-20,-14,9,28,1043,434,0,40
1756406031,1,1,498,4059374556,OP,4187,26.34,101330,4294967250,8,-47,-18,-9,36,970,428,0,40
1756406031,1,1,499,4059375058,OP,4187,26.5,101327,4294967277,-23,-20,-9,5,-2,1067,408,0,40
1756406032,1,1,500,4059375561,OP,4187,26.19,101330,4294967251,0,46,-16,59,-13,1064,475,0,40
1756406032,1,1,501,4059376062,OP,4187,26.49,101328,4294967264,-10,14,-11,8,-28,1066,536,0,40
1756406033,1,1,502,4059376562,OP,4187,26.13,101329,4294967260,0,8,-28,-25,-23,1100,482,0,40
1756406033,1,1,503,4059377065,OP,4187,26.42,101329,4294967256,-36,22,10,182,-27,1065,521,0,40
1756406034,1,1,504,4059377567,OP,4187,26.23,101329,4294967263,29,4,42,45,-77,1029,568,0,40
1756406034,1,1,505,4059378069,OP,4187,26.38,101327,4294967274,38,0,-33,43,-25,974,570,0,40
1756406035,1,1,506,4059378588,OP,4187,26.51,101330,4294967255,30,42,22,90,-69,923,617,0,40
1756406035,1,1,507,4059379090,OP,4187,26.3,101330,4294967251,-7,-11,-24,-4,-11,991,519,0,40
1756406036,1,1,508,4059379591,OP,4187,26.28,101327,4294967279,4,-11,-5,-53,63,931,694,0,40
1756406036,1,1,509,4059380091,OP,4187,26.12,101329,4294967259,-1,13,7,5,20,978,652,0,40
1756406037,1,1,510,4059380592,OP,4187,26.34,101328,4294967271,-16,15,5,-46,20,1063,670,0,40
1756406037,1,1,511,4059381093,OP,4187,25.65,101329,4294967261,-32,33,-28,28,64,893,668,0,40
1756406038,1,1,512,4059381594,OP,4187,26.15,101329,4294967261,8,-11,-7,19,1,943,686,0,40
1756406038,1,1,513,4059382094,OP,4187,26.5,101329,4294967255,1,0,4,5,-39,975,689,0,40
1756406039,1,1,514,4059382595,OP,4187,26.45,101329,4294967255,-8,-28,-17,47,13,1017,715,0,40
1756406039,1,1,515,4059383096,OP,4187,26.26,101328,4294967269,-14,-31,-18,-52,36,1054,791,0,40
1756406040,1,1,516,4059383596,OP,4187,26.21,101330,4294967254,23,-33,17,24,-48,953,755,0,40
1756406040,1,1,517,4059384096,OP,4187,26.25,101331,4294967245,-31,-21,1,20,-77,1051,801,0,40
1756406041,1,1,518,4059384597,OP,4187,26.22,101329,4294967259,15,-10,0,-31,-31,1033,810,0,40
1756406041,1,1,519,4059385097,OP,4187,25.8,101329,4294967256,13,-6,30,-50,14,913,821,0,40
1756406042,1,1,520,4059385598,OP,4186,26.33,101328,4294967264,26,-19,1,-17,30,996,819,0,40
1756406042,1,1,521,4059386098,OP,4186,25.86,101327,4294967277,0,-22,-8,-10,-54,978,818,0,40
1756406043,1,1,522,4059386598,OP,4186,25.93,101328,4294967264,-29,0,-2,-48,14,1036,830,0,40
1756406043,1,1,523,4059387099,OP,4186,26.07,101328,4294967265,5,13,11,60,-27,1028,858,0,40
1756406044,1,1,524,4059387599,OP,4186,25.86,101330,4294967254,-44,-13,-11,-43,1,948,883,0,40
1756406044,1,1,525,4059388099,OP,4186,25.74,101329,4294967261,47,-31,-28,-6,36,1039,862,0,40
1756406045,1,1,526,4059388600,OP,4186,25.79,101328,4294967266,-11,1,-2,72,15,1037,968,0,40
1756406045,1,1,527,4059389100,OP,4186,25.91,101328,4294967264,19,-9,-16,-50,73,929,874,0,40
1756406046,1,1,528,4059389600,OP,4186,26.01,101329,4294967257,37,11,-18,-3,-26,1012,882,0,40
1756406046,1,1,529,4059390100,OP,4186,25.81,101329,4294967263,-19,-34,-52,4,8,1013,885,0,40
1756406047,1,1,530,4059390601,OP,4186,26.03,101328,4294967270,-23,-2,18,-17,11,923,913,0,40
1756406047,1,1,531,4059391101,OP,4186,25.76,101327,4294967277,18,-4,5,51,100,1122,912,0,40
1756406048,1,1,532,4059391601,OP,4186,25.98,101331,4294967244,39,0,16,-36,78,986,868,0,40
1756406048,1,1,533,4059392102,OP,4186,25.91,101329,4294967260,-18,7,-19,0,127,979,929,0,40
1756406049,1,1,534,4059392603,OP,4186,25.93,101329,4294967259,37,-20,19,-34,27,1054,868,0,40
1756406049,1,1,535,4059393105,OP,4186,25.82,101330,4294967252,-29,-10,-17,-33,20,1029,890,0,40
1756406050,1,1,536,4059393607,OP,4186,25.78,101328,4294967266,9,-16,-11,33,66,958,948,0,40
1756406050,1,1,537,4059394108,OP,4186,25.62,101329,4294967256,-19,62,-9,13,-1,1028,873,0,40
1756406051,1,1,538,4059394608,OP,4186,26.06,101329,4294967262,-28,-8,4,-82,-77,1036,845,0,40
1756406051,1,1,539,4059395110,OP,4186,25.73,101327,4294967275,30,-27,29,75,26,1113,914,0,40
1756406052,1,1,540,4059395610,OP,4186,25.28,101329,4294967258,-4,16,-11,4,12,921,895,0,40
1756406052,1,1,541,4059396111,OP,4186,25.29,101328,4294967264,-19,-19,-5,51,-2,971,884,0,40
1756406053,1,1,542,4059396612,OP,4186,25.86,101330,4294967248,-17,10,9,-4,-82,1008,890,0,40
1756406053,1,1,543,4059397113,OP,4186,25.54,101329,4294967260,-21,-13,-9,34,-76,992,897,0,40
1756406054,1,1,544,4059397613,OP,4186,25.77,101328,4294967270,-5,-3,-2,-53,25,980,870,0,40
1756406054,1,1,545,4059398114,OP,4186,25.51,101328,4294967264,15,10,2,54,56,982,843,0,40
1756406055,1,1,546,4059398614,OP,4186,25.15,101329,4294967260,8,18,14,42,6,1032,873,0,40
1756406055,1,1,547,4059399114,OP,4186,25.48,101328,4294967265,-26,4,-6,-33,-16,978,792,0,40
1756406056,1,1,548,4059399614,OP,4186,25.39,101331,4294967241,-6,8,46,38,-19,974,752,0,40
1756406056,1,1,549,4059400115,OP,4186,25.33,101329,4294967258,0,-34,23,32,0,935,784,0,40
1756406057,1,1,550,4059400615,OP,4186,25.18,101331,4294967246,-33,28,-1,-31,18,1046,831,0,40
1756406057,1,1,551,4059401116,OP,4186,25.35,101330,4294967251,8,9,-10,64,10,1029,725,0,40
1756406058,1,1,552,4059401616,OP,4186,25.53,101330,4294967251,-30,12,14,3,9,1072,761,0,40
1756406058,1,1,553,4059402116,OP,4186,25.32,101328,4294967264,40,-22,-8,30,55,994,673,0,40
1756406059,1,1,554,4059402617,OP,4186,25.22,101328,4294967266,13,-2,20,-25,-85,994,698,0,40
1756406059,1,1,555,4059403117,OP,4186,25.27,101331,4294967245,-30,-10,-12,-54,37,1067,700,0,40
1756406060,1,1,556,4059403617,OP,4186,24.74,101329,4294967257,7,-16,0,50,-24,1003,701,0,40
1756406060,1,1,557,4059404118,OP,4186,24.99,101329,4294967259,35,-6,-7,63,-39,981,728,0,40
1756406061,1,1,558,4059404618,OP,4186,25.14,101329,4294967261,-30,-16,1,76,1,1032,630,0,40
1756406061,1,1,559,4059405119,OP,4186,25.13,101332,4294967238,-13,7,-32,64,17,971,669,0,40
1756406062,1,1,560,4059405619,OP,4185,24.88,101329,4294967255,6,-10,16,11,6,1039,543,0,40
1756406062,1,1,561,4059406120,OP,4185,25.08,101328,4294967269,-16,-19,-36,73,0,1009,630,0,40
1756406063,1,1,562,4059406621,OP,4185,25.16,101330,4294967252,-15,4,-15,-107,-12,961,588,0,40
1756406063,1,1,563,4059407121,OP,4185,24.98,101330,4294967250,35,13,17,-43,33,944,633,0,40
1756406064,1,1,564,4059407622,OP,4185,25.1,101331,4294967241,0,-14,24,28,25,880,551,0,40
1756406064,1,1,565,4059408122,OP,4185,24.87,101330,4294967247,-24,36,0,-33,-13,902,519,0,40
1756406065,1,1,566,4059408623,OP,4185,24.83,101329,4294967263,-23,30,3,-41,-46,985,447,0,40
1756406065,1,1,567,4059409123,OP,4185,24.92,101329,4294967259,-18,-8,-7,23,-30,965,450,0,40
1756406066,1,1,568,4059409624,OP,4185,24.68,101330,4294967254,25,-25,15,-9,68,951,408,0,40
1756406066,1,1,569,4059410124,OP,4185,24.81,101331,4294967244,30,-9,-1,-1,-85,1038,412,0,40
1756406067,1,1,570,4059410624,OP,4185,24.98,101330,4294967248,4,-25,-19,9,-17,1000,414,0,40
1756406067,1,1,571,4059411129,OP,4185,25.14,101329,4294967260,-33,-46,14,27,-21,968,308,0,40
1756406068,1,1,572,4059411630,OP,4185,25.13,101329,4294967259,0,-16,13,-28,-55,1058,403,0,40
1756406068,1,1,573,4059412132,OP,4185,25.01,101329,4294967255,-9,-20,16,29,-14,1028,292,0,40
1756406069,1,1,574,4059412632,OP,4185,24.79,101329,4294967256,19,17,-19,43,-37,1020,293,0,40
1756406069,1,1,575,4059413133,OP,4185,24.71,101328,4294967266,-16,-15,-6,-31,13,928,414,0,40
1756406070,1,1,576,4059413634,OP,4185,24.5,101331,4294967246,-54,25,0,-25,-1,957,385,0,40
1756406070,1,1,577,4059414134,OP,4185,24.41,101330,4294967251,-26,7,2,-84,-73,1109,216,0,40
1756406071,1,1,578,4059414634,OP,4185,25.01,101329,4294967261,-38,10,8,-64,4,1015,252,0,40
1756406071,1,1,579,4059415135,OP,4185,24.42,101332,4294967236,-8,2,-30,-43,-38,986,163,0,40
1756406072,1,1,580,4059415636,OP,4185,24.77,101328,4294967267,-15,0,-26,41,7,977,276,0,40
1756406072,1,1,581,4059416136,OP,4185,24.63,101329,4294967257,-22,0,17,-55,-99,968,232,0,40
1756406073,1,1,582,4059416637,OP,4185,24.48,101330,4294967248,-60,22,-12,-42,39,979,126,0,40
1756406073,1,1,583,4059417137,OP,4185,24.84,101329,4294967260,20,16,-19,9,-13,921,161,0,40
1756406074,1,1,584,4059417639,OP,4185,24.37,101330,4294967250,2,5,-5,21,-52,1033,170,0,40
1756406074,1,1,585,4059418140,OP,4185,24.66,101329,4294967259,1,22,-27,86,47,1026,175,0,40
1756406075,1,1,586,4059418640,OP,4185,24.38,101332,4294967237,4,-16,-6,-9,7,1016,162,0,40
1756406075,1,1,587,4059419140,OP,4185,24.6,101329,4294967257,7,33,-26,-15,-51,1065,153,0,40
1756406076,1,1,588,4059419642,OP,4185,24.31,101329,4294967262,-2,-9,14,1,67,885,109,0,40
1756406076,1,1,589,4059420142,OP,4185,24.63,101329,4294967256,6,-14,33,-38,53,995,110,0,40
1756406077,1,1,590,4059420643,OP,4185,24.26,101328,4294967264,29,6,-10,-16,38,946,134,0,40
1756406077,1,1,591,4059421144,OP,4185,24.73,101329,4294967257,6,-31,21,-34,-40,1029,146,0,40
1756406078,1,1,592,4059421645,OP,4185,24.39,101330,4294967251,-14,5,9,-45,-75,1077,88,0,40
1756406078,1,1,593,4059422146,OP,4185,24.66,101329,4294967257,-7,-33,-23,-4,27,1003,119,0,40
1756406079,1,1,594,4059422646,OP,4185,24.12,101328,4294967267,-3,4,22,91,72,1035,124,0,40
1756406079,1,1,595,4059423146,OP,4185,24.77,101329,4294967261,0,-16,44,30,5,990,121,0,40
1756406080,1,1,596,4059423647,OP,4185,24.25,101329,4294967256,43,-27,-3,-83,4,1071,175,0,40
1756406080,1,1,597,4059424147,OP,4185,24.12,101330,4294967252,18,-25,-3,110,-15,1005,93,0,40
1756406081,1,1,598,4059424647,OP,4185,23.97,101329,4294967259,-18,-1,-2,-14,-10,998,57,0,40
1756406081,1,1,599,4059425148,OP,4185,24.21,101330,4294967252,21,2,31,-7,-36,973,113,0,40
1756406082,1,1,600,4059425648,OP,4184,24.45,101330,4294967252,-7,-15,-15,51,-89,995,73,0,40
1756406082,1,1,601,4059426149,OP,4184,24.11,101328,4294967271,1,4,12,-42,0,1007,107,0,40
1756406083,1,1,602,4059426649,OP,4184,23.84,101328,4294967265,-25,45,-22,0,-30,948,102,0,40
1756406083,1,1,603,4059427150,OP,4184,24.24,101330,4294967254,-14,-2,27,95,-25,978,178,0,40
1756406084,1,1,604,4059427650,OP,4184,24.23,101330,4294967253,-23,2,-26,13,46,1031,136,0,40
1756406084,1,1,605,4059428151,OP,4184,24.23,101330,4294967251,-12,-15,-18,51,88,1037,109,0,40
1756406085,1,1,606,4059428652,OP,4184,24.04,101328,4294967266,-14,11,16,-27,24,988,158,0,40
1756406085,1,1,607,4059429152,OP,4184,23.81,101329,4294967259,45,10,7,10,-22,1037,211,0,40
1756406086,1,1,608,4059429652,OP,4184,23.68,101328,4294967263,54,44,4,-16,32,939,202,0,40
1756406086,1,1,609,4059430153,OP,4184,23.81,101330,4294967249,-12,-22,-13,-23,-26,1009,223,0,40
1756406087,1,1,610,4059430654,OP,4184,24.05,101328,4294967271,-2,-2,8,32,-28,1025,192,0,40
1756406087,1,1,611,4059431154,OP,4184,23.8,101330,4294967254,25,-11,5,-13,2,1058,185,0,40
1756406088,1,1,612,4059431655,OP,4184,23.97,101328,4294967270,27,44,-3,12,64,1011,236,0,40
1756406088,1,1,613,4059432155,OP,4184,24.0,101329,4294967256,-34,4,24,-49,57,1029,193,0,40
1756406089,1,1,614,4059432655,OP,4184,23.92,101328,4294967271,-33,-22,8,-117,-67,1020,268,0,40
1756406089,1,1,615,4059433156,OP,4184,24.07,101328,4294967269,-2,7,-5,58,63,940,242,0,40
1756406090,1,1,616,4059433656,OP,4184,23.88,101328,4294967270,-13,-5,3,81,45,1031,408,0,40
1756406090,1,1,617,4059434157,OP,4184,23.7,101329,4294967256,-29,-20,27,-18,50,1003,297,0,40
1756406091,1,1,618,4059434657,OP,4184,23.59,101328,4294967270,7,-34,-32,48,14,1015,338,0,40
1756406091,1,1,619,4059435157,OP,4184,23.93,101328,4294967266,-11,6,31,15,7,938,310,0,40
1756406092,1,1,620,4059435658,OP,4184,23.76,101330,4294967255,-4,15,4,138,78,1010,314,0,40
1756406092,1,1,621,4059436158,OP,4184,23.71,101328,4294967266,24,-17,-28,57,33,1109,389,0,40
1756406093,1,1,622,4059436659,OP,4184,23.76,101328,4294967268,-34,-7,10,-43,31,999,450,0,40
1756406093,1,1,623,4059437159,OP,4184,23.63,101327,4294967272,-8,3,-8,11,-81,989,362,0,40
1756406094,1,1,624,4059437660,OP,4184,23.39,101328,4294967264,-46,23,35,64,-9,991,404,0,40
1756406094,1,1,625,4059438160,OP,4184,23.67,101330,4294967253,-20,31,10,17,19,978,467,0,40
1756406095,1,1,626,4059438661,OP,4184,23.76,101329,4294967263,-11,17,-14,-41,6,1026,487,0,40
1756406095,1,1,627,4059439161,OP,4184,23.46,101329,4294967257,-22,4,20,-44,-47,1003,480,0,40
1756406096,1,1,628,4059439661,OP,4184,23.65,101327,4294967272,0,-17,10,-76,-10,976,510,0,40
1756406096,1,1,629,4059440162,OP,4184,23.66,101329,4294967262,15,0,-12,86,8,942,541,0,40
1756406097,1,1,630,4059440662,OP,4184,23.64,101330,4294967252,-35,-36,-5,-29,-7,920,535,0,40
1756406097,1,1,631,4059441162,OP,4184,23.45,101329,4294967256,-15,-7,-1,-4,21,1005,589,0,40
1756406098,1,1,632,4059441663,OP,4184,23.53,101328,4294967269,9,30,5,-7,33,1054,605,0,40
